selection_rank,proposed_area,area_evidence,hobby_buckets,automated_flags,candidate_id,source_kind,source_name,source_url,registration_urls,title_hint,provider_hint,venue_hint,postal_hint,date_hints,time_hints,cost_hints,age_hints,excerpt_or_notes,missing_for_ckb,review_decision,confirmed_title,confirmed_provider,confirmed_provider_type,confirmed_venue,confirmed_postal_code,confirmed_planning_area,confirmed_nearest_mrt,confirmed_cost_one_off_sgd,confirmed_cost_recurring_sgd,confirmed_equipment_cost_sgd,confirmed_age_min,confirmed_age_max,confirmed_beginner_friendly,confirmed_join_alone_ok,confirmed_guest_allowed,confirmed_commitment,confirmed_schedule_kind,confirmed_weekday,confirmed_start_time,confirmed_duration_min,confirmed_first_session,confirmed_num_sessions,confirmed_fixed_dates,confirmed_open_hours_note,confirmed_weekday_evening_available,confirmed_weekend_available,confirmed_vibes,confirmed_in_incumbent_directory,reviewed_at,reviewed_by,review_notes
1,Jurong West,explicit row text; human must confirm URA boundary,sporty | artistic | chill | explorative,age_requires_confirmation,SOC-018834cf70a1,public_telegram_candidate,Gek Poh Central Residents' Network,https://t.me/gekpohcentral/864,https://t.me/gekpohcentral/864 | https://go.gov.sg/jsgp260926,🌕 Jurong Spring - Gek Poh Mid-Autumn Festival 2026 🏮,Gek Poh Central Residents' Network,,260926,26 Sep 2026,6.00pm | 10.00pm | 5.30pm,$2,,"🌕 Jurong Spring - Gek Poh Mid-Autumn Festival 2026 🏮 Join us for an exciting Mid-Autumn night filled with magic, game booths, stage performances, a lucky draw, and our signature Lantern Procession with LED Lions & Dragons! 🗓 26 Sep 2026 (Sat) | 6.00pm – 10.00pm 📍 Jurong Spring CC",verified_at | verified_by | planning_area | age_min | age_max | beginner_friendly | join_alone_ok | guest_allowed,,,,,,,,,,,,,,,,,,,,,,,,,,,,,,,,
2,Jurong West,explicit row text; human must confirm URA boundary,sporty | chill | explorative,age_requires_confirmation,SOC-d523db6c4892,public_telegram_candidate,Gek Poh Central Residents' Network,https://t.me/gekpohcentral/871,https://t.me/gekpohcentral/871,Let's celebrate Mid-Autumn Festival together as One!,Gek Poh Central Residents' Network,,,20 September 2026,6pm | 9pm,$4,,Let's celebrate Mid-Autumn Festival together as One! Date: 20 September 2026 Time: 6pm - 9pm Venue: Community Hub opp 272D Ticket at $4/pax. Inclusive of bento dinner in reusable lunch box and 3 event coupons! Get your tickets at interim Gek Poh Ville CC at Block 760.,verified_at | verified_by | planning_area | age_min | age_max | beginner_friendly | join_alone_ok | guest_allowed,,,,,,,,,,,,,,,,,,,,,,,,,,,,,,,,
3,Jurong West,explicit row text; human must confirm URA boundary,artistic | chill | explorative,age_requires_confirmation,SOC-18a92663f872,public_telegram_candidate,OneBoonLay,https://t.me/oneboonlay/3931,https://t.me/oneboonlay/3931 | https://go.gov.sg/ccmcmidautumn2026,You're Invited to Boon Lay Mid-Autumn Festival 2026! 🏮🌕,OneBoonLay,,,27 September 2026,6.30pm | 9.30pm,$4,,"You're Invited to Boon Lay Mid-Autumn Festival 2026! 🏮🌕 Celebrate the magic of the Mid-Autumn Festival with an evening filled with joy, laughter, and community spirit! ✨ Join us for: 🎨 Fun carnival games and activities 🏮 Beautiful lantern displays 🎁 Exciting prizes and giveaways ",verified_at | verified_by | planning_area | age_min | age_max | beginner_friendly | join_alone_ok | guest_allowed,,,,,,,,,,,,,,,,,,,,,,,,,,,,,,,,
4,Jurong West,explicit row text; human must confirm URA boundary,artistic | explorative,age_requires_confirmation | cost_requires_confirmation,SOC-ed3a485bc3a6,public_telegram_candidate,OneBoonLay,https://t.me/oneboonlay/3963,https://t.me/oneboonlay/3963,"🎨✨ EXTENDED! More Time to Create, More Chances to Shine! ✨🎨",OneBoonLay,,,13 SEPTEMBER 2026,06:00PM,,,"🎨✨ EXTENDED! More Time to Create, More Chances to Shine! ✨🎨 🗓️ NEW DEADLINE: 13 SEPTEMBER 2026 (SUNDAY), 06:00PM Calling all Boon Lay residents! 🌟 Your creativity deserves the spotlight — and we’re giving you more time to make it happen! 👜🎨 📣 The Boon Lay Tote Bag Design Competit",verified_at | verified_by | cost_one_off_sgd | planning_area | age_min | age_max | beginner_friendly | join_alone_ok | guest_allowed,,,,,,,,,,,,,,,,,,,,,,,,,,,,,,,,
5,Jurong West,explicit row text; human must confirm URA boundary,chill | explorative,age_requires_confirmation,SOC-d18a467f7098,public_telegram_candidate,OneBoonLay,https://t.me/oneboonlay/3952,https://t.me/oneboonlay/3952 | https://go.gov.sg/bl-wcgrc-merku-udayam-2026,Boon Lay CC IAEC presents:,OneBoonLay,,609335,3 October 2026,2.00pm | 6.00pm | 1.45pm | 1:15pm,$5,,"Boon Lay CC IAEC presents: Merku Udayam 2026 – An Indian Cultural Explosion! 🎉✨ Come join us for an exciting afternoon filled with vibrant cultural performances, delicious packed food, fun games and activities, flea market shopping, snacks and a lucky draw! 💃🎶🛍️🍴🎁 📅 Saturday, 3 O",verified_at | verified_by | planning_area | age_min | age_max | beginner_friendly | join_alone_ok | guest_allowed,,,,,,,,,,,,,,,,,,,,,,,,,,,,,,,,
6,Jurong West,explicit row text; human must confirm URA boundary,chill | explorative,age_requires_confirmation,SOC-9a65d4ada9e4,public_telegram_candidate,OneBoonLay,https://t.me/oneboonlay/3968,https://t.me/oneboonlay/3968 | https://go.gov.sg/boonlayglade-greencarnival-2026 | https://go.gov.sg/boonlayglade-green-market-vendor-registration,🌱 GREEN CARNIVAL 2026 is coming to Boon Lay! 🌿✨,OneBoonLay,,,20 September 2026,10:00am | 1:00pm,$5 | $15,,"🌱 GREEN CARNIVAL 2026 is coming to Boon Lay! 🌿✨ Spend your Sunday with us for a fun-filled morning of green activities for the whole family! From terrarium making, floral arrangement and chilli planting to a Green Market Bazaar, food rescue corner, DIY handicrafts, storytelling, ",verified_at | verified_by | planning_area | age_min | age_max | beginner_friendly | join_alone_ok | guest_allowed,,,,,,,,,,,,,,,,,,,,,,,,,,,,,,,,
7,Jurong West,explicit row text; human must confirm URA boundary,chill | explorative,age_requires_confirmation,SOC-6a5912702e28,public_telegram_candidate,OneBoonLay,https://t.me/oneboonlay/3957,https://www.onepa.gov.sg/events/boon-lay-ccc-csn-telematch-valorant-boon-lay-cc-september-2026-e96765259 | https://t.me/oneboonlay/3957,"☕🎮 BOON LAY 'MIND CAFÉ — COME, CHILL & CONNECT! 🎮☕",OneBoonLay,,,20 September 2026,2.00pm | 5.00pm | 8.00pm | 10am | 6pm,FREE,,"☕🎮 BOON LAY 'MIND CAFÉ — COME, CHILL & CONNECT! 🎮☕ Looking for a cosy place to chill, play games and spend time with your friends and family? Come join us at Boon Lay CC MPH! 💛 📅 20 September 2026 (Sunday) ⏰ 2.00pm – 5.00pm (📺 Telematch Valorant Screening: Till 8.00pm) 📍 Boon Lay",verified_at | verified_by | planning_area | age_min | age_max | beginner_friendly | join_alone_ok | guest_allowed,,,,,,,,,,,,,,,,,,,,,,,,,,,,,,,,
8,Jurong West,explicit row text; human must confirm URA boundary,chill | explorative,age_requires_confirmation,SOC-3d17dc53efab,public_telegram_candidate,OneBoonLay,https://t.me/oneboonlay/3960,https://t.me/oneboonlay/3960 | https://go.gov.sg/blccwec-rainbowjelly-mooncake | https://go.gov.sg/blcc-wec-walnut-mooncake | https://go.gov.sg/blcc-wec-oreo-mooncake | https://go.gov.sg/blcc-wec-traditional-eggyolk-mooncake,🌕✨ Mooncake Making Workshops @ Boon Lay CC!🥮🐰,OneBoonLay,,,9 Sept | 12 Sept | 13 Sept,10:30am | 12:30pm | 2pm | 4pm,$20 | $25 | $30,,"🌕✨ Mooncake Making Workshops @ Boon Lay CC!🥮🐰 Mid-Autumn Festival is coming! 🎉 Why not spend some quality time learning to make your own delicious mooncakes? 👩🏻‍🍳👨🏻‍🍳💕 We have 4 exciting workshops for you to choose from: 🌈Rainbow Jelly Mooncake– $20/pax 📅 9 Sept (Wed), 10:30am–12",verified_at | verified_by | planning_area | age_min | age_max | beginner_friendly | join_alone_ok | guest_allowed,,,,,,,,,,,,,,,,,,,,,,,,,,,,,,,,
9,Jurong West,explicit row text; human must confirm URA boundary,explorative,age_requires_confirmation | cost_requires_confirmation,SOC-8ec02d0e04ae,public_telegram_candidate,OneBoonLay,https://t.me/oneboonlay/3946,https://t.me/oneboonlay/3946 | https://go.gov.sg/awnsbt,Looking to make a meaningful impact in our community? Join us to learn how you can help brighten a senior's day!,OneBoonLay,,,19 September 2026,9:30am | 1:00pm,,,Looking to make a meaningful impact in our community? Join us to learn how you can help brighten a senior's day! Everyone especially young adults are welcome to learn practical skills for visiting seniors living alone. Date: 19 September 2026 Time: 9:30am – 1:00pm Venue: Boon Lay,verified_at | verified_by | cost_one_off_sgd | planning_area | age_min | age_max | beginner_friendly | join_alone_ok | guest_allowed,,,,,,,,,,,,,,,,,,,,,,,,,,,,,,,,
10,Jurong West,local source-channel hint only; venue may differ,chill | explorative,date_requires_confirmation | age_requires_confirmation | area_is_source_hint_only,SOC-955f66e9de58,public_telegram_candidate,OneBoonLay,https://t.me/oneboonlay/3935,https://t.me/oneboonlay/3935,🚀 Blast off into a world of creativity! 🪐,OneBoonLay,,,,,$20 | $25 | $10,,"🚀 Blast off into a world of creativity! 🪐 Calling all young space explorers! Join our Pop-Up Book Space Exploration workshop and learn how to create your very own 3D space scenes with planets, astronauts, rockets, and cute aliens! 👽✨ 📖 What you'll learn: ✅ Lift-the-flap features ",verified_at | verified_by | planning_area | age_min | age_max | beginner_friendly | join_alone_ok | guest_allowed,,,,,,,,,,,,,,,,,,,,,,,,,,,,,,,,
11,Jurong West,explicit row text; human must confirm URA boundary,chill,,NLB-5971829,merged_nlb_draft,National Library Board,https://nlb.libcal.com/event/5971829,,Puzzle It Out! A Jigsaw Puzzle Pop-Up | Jurong West Library,National Library Board,Jurong West Library,,2026-10-01T10:00,,0 | 0,13 | 17,"campus: Jurong West Library · categories: Areas of Interest > Reading, Event Type > Experiential Event, Language > English · cost not stated — confirm and enter 0 only if free · DRAFT from libcal API — open the link and verify before using",verified_at | verified_by | cost_one_off_sgd | planning_area | beginner_friendly | join_alone_ok | guest_allowed,,,,,,,,,,,,,,,,,,,,,,,,,,,,,,,,
12,Jurong West,explicit row text; human must confirm URA boundary,chill,,NLB-5914829,merged_nlb_draft,National Library Board,https://nlb.libcal.com/event/5914829,,MOLLY Weekend Outreach @ Jurong West Sports Centre,National Library Board,Others,,2026-09-20T09:00,,0 | 0,13 | 17,"campus: Others · categories: Areas of Interest > Accessible, Areas of Interest > Reading, Event Type > Experiential Event, Language > English · cost not stated — confirm and enter 0 only if free · DRAFT from libcal API — open the link and verify before using",verified_at | verified_by | cost_one_off_sgd | planning_area | beginner_friendly | join_alone_ok | guest_allowed,,,,,,,,,,,,,,,,,,,,,,,,,,,,,,,,
13,Jurong West,explicit row text; human must confirm URA boundary,sporty,date_requires_confirmation | age_requires_confirmation,FTP-yuhua-secondary-school-field,merged_activesg_draft,Sport Singapore (ActiveSG),https://www.activesgcircle.gov.sg/facilities/yuhua-secondary-school-field,,Yuhua Secondary School Field,Sport Singapore (ActiveSG),Yuhua Secondary School Field,649406,,Sat: 3pm - 7pm,0 | 0 | 0,,zone: West · 35 Jurong West Street 41 Singapore 649406 · age not stated on page — decide and fill · DRAFT from activesgcircle free-to-play — verify before using,verified_at | verified_by | planning_area | age_min | age_max | beginner_friendly | join_alone_ok | guest_allowed,,,,,,,,,,,,,,,,,,,,,,,,,,,,,,,,
14,Jurong West,explicit row text; human must confirm URA boundary,sporty,date_requires_confirmation | age_requires_confirmation,FTP-xingnan-primary-school-field,merged_activesg_draft,Sport Singapore (ActiveSG),https://www.activesgcircle.gov.sg/facilities/xingnan-primary-school-field,,Xingnan Primary School Field,Sport Singapore (ActiveSG),Xingnan Primary School Field,649036,,Sat: 3pm - 7pm; Sun: 9am - 7pm,0 | 0 | 0,,zone: West · 5 Jurong West Street 91 Singapore 649036 · age not stated on page — decide and fill · DRAFT from activesgcircle free-to-play — verify before using,verified_at | verified_by | planning_area | age_min | age_max | beginner_friendly | join_alone_ok | guest_allowed,,,,,,,,,,,,,,,,,,,,,,,,,,,,,,,,
15,Jurong West,reviewed facility mapping; human must confirm,sporty,date_requires_confirmation | age_requires_confirmation,FTP-lakeside-primary-school-field,merged_activesg_draft,Sport Singapore (ActiveSG),https://www.activesgcircle.gov.sg/facilities/lakeside-primary-school-field,,Lakeside Primary School Field,Sport Singapore (ActiveSG),Lakeside Primary School Field,618310,,Sat: 3pm - 7pm; Sun: 9am - 7pm,0 | 0 | 0,,zone: West · 161 Corporation Walk Singapore 618310 · age not stated on page — decide and fill · DRAFT from activesgcircle free-to-play — verify before using,verified_at | verified_by | planning_area | age_min | age_max | beginner_friendly | join_alone_ok | guest_allowed,,,,,,,,,,,,,,,,,,,,,,,,,,,,,,,,
16,Jurong West,explicit row text; human must confirm URA boundary,sporty | artistic,,WEB-nanyang-dance-fitness-2026,public_web_candidate,People's Association / Nanyang CC,https://www.onepa.gov.sg/events/nanyang-csn-dance-fitness-2026-11967588,https://www.onepa.gov.sg/events/nanyang-csn-dance-fitness-2026-11967588,Nanyang CSN Dance Fitness 2026,People's Association / Nanyang CC,,649040,23 June 2026 | 29 September 2026,Tuesdays 7:30 PM-8:30 PM,Free,suitable for everyone,"Official event page lists a free Tuesday dance-fitness session at Nanyang CC on Jurong West Street 91, 7:30–8:30 pm through 29 September 2026, described as suitable for everyone.",verified_at | verified_by | planning_area | beginner_friendly | join_alone_ok | guest_allowed,,,,,,,,,,,,,,,,,,,,,,,,,,,,,,,,
17,Jurong West,explicit row text; human must confirm URA boundary,sporty | artistic,date_requires_confirmation | age_requires_confirmation,WEB-jw-activegroove,public_web_candidate,Sport Singapore (ActiveSG),https://www.activesgcircle.gov.sg/activegroove,,Dance practice at Jurong West ActiveGroove,Sport Singapore (ActiveSG),,648965,,,Free-to-use,,Official ActiveSG information identifies ActiveGroove as a free-to-use dance space; the Jurong West location and opening status require human confirmation.,verified_at | verified_by | planning_area | age_min | age_max | beginner_friendly | join_alone_ok | guest_allowed,,,,,,,,,,,,,,,,,,,,,,,,,,,,,,,,
18,Jurong West,explicit row text; human must confirm URA boundary,sporty,date_requires_confirmation,WEB-jw-swim,public_web_candidate,Sport Singapore (ActiveSG),https://www.activesgcircle.gov.sg/facilities/jurong-west-sport-centre,https://activesg.gov.sg/passes,Recreational swim at Jurong West Swimming Complex,Sport Singapore (ActiveSG),,648965,,Operating hours require confirmation,Child entry rate requires confirmation,ages 1-17,Official facility and pass pages provide recreational swimming at Jurong West; current child entry rates and operating hours require final confirmation.,verified_at | verified_by | planning_area | beginner_friendly | join_alone_ok | guest_allowed,,,,,,,,,,,,,,,,,,,,,,,,,,,,,,,,
19,Jurong West,explicit row text; human must confirm URA boundary,sporty,date_requires_confirmation,WEB-jw-gym,public_web_candidate,Sport Singapore (ActiveSG),https://www.activesgcircle.gov.sg/facilities/jurong-west-sport-centre,https://activesg.gov.sg/passes,ActiveGYM session at Jurong West Sport Centre,Sport Singapore (ActiveSG),,648965,,Daily facility hours require confirmation,Student entry rate requires confirmation,aged 12 and above,"Official facility and pass pages provide a Jurong West gym option; eligibility, student rate, opening hours and current availability require final confirmation.",verified_at | verified_by | planning_area | beginner_friendly | join_alone_ok | guest_allowed,,,,,,,,,,,,,,,,,,,,,,,,,,,,,,,,
20,Jurong West,explicit row text; human must confirm URA boundary,chill | explorative,date_requires_confirmation,WEB-jurong-central-board-games,public_web_candidate,NParks,https://www.nparks.gov.sg/visit/parks/park-detail/jurong-central-park,,Life-sized board games at Jurong Central Park,NParks,,,,Open 24 hours,Free public park,whole family,Official park page lists a Ludo Garden and life-sized board-game features; the park is open 24 hours near Boon Lay MRT.,verified_at | verified_by | planning_area | beginner_friendly | join_alone_ok | guest_allowed,,,,,,,,,,,,,,,,,,,,,,,,,,,,,,,,
21,Jurong West,explicit row text; human must confirm URA boundary,sporty | explorative,date_requires_confirmation | age_requires_confirmation,WEB-jw-park-connector-walk,public_web_candidate,NParks,https://pcn.nparks.gov.sg/jurong-west-pc/,,Walk or jog the Jurong West Park Connector,NParks,,,,,Free public route,,"Official park-connector page describes the neighbourhood route as suitable for a short run, strolling and other outdoor activities.",verified_at | verified_by | planning_area | age_min | age_max | beginner_friendly | join_alone_ok | guest_allowed,,,,,,,,,,,,,,,,,,,,,,,,,,,,,,,,
22,Jurong West,explicit row text; human must confirm URA boundary,sporty | explorative,date_requires_confirmation | age_requires_confirmation,WEB-jw-park-connector-cycle,public_web_candidate,NParks,https://pcn.nparks.gov.sg/jurong-west-pc/,,Cycle the Jurong West Park Connector,NParks,,,,,Free public route,,Official park-connector page describes a 2.2 km route from Boon Lay Way to Jurong West Street 93 and lists cycling as a suitable outdoor activity.,verified_at | verified_by | planning_area | age_min | age_max | beginner_friendly | join_alone_ok | guest_allowed,,,,,,,,,,,,,,,,,,,,,,,,,,,,,,,,
23,Jurong West,explicit row text; human must confirm URA boundary,sporty,date_requires_confirmation | age_requires_confirmation | cost_requires_confirmation,WEB-jw-table-tennis,public_web_candidate,Sport Singapore (ActiveSG),https://activesg.gov.sg/facility-bookings/activities/lpa7rfS4ShmUUt7XsFJlD/venues,https://activesg.gov.sg/facility-bookings/activities/lpa7rfS4ShmUUt7XsFJlD/venues,Table tennis at Jurong West Sport Centre,Sport Singapore (ActiveSG),,648965,,,,,Official ActiveSG booking page includes the Jurong West Sport Centre table-tennis area among selectable venues; slots and price require live confirmation.,verified_at | verified_by | cost_one_off_sgd | planning_area | age_min | age_max | beginner_friendly | join_alone_ok | guest_allowed,,,,,,,,,,,,,,,,,,,,,,,,,,,,,,,,
24,Jurong West,explicit row text; human must confirm URA boundary,sporty | explorative,date_requires_confirmation | age_requires_confirmation | cost_requires_confirmation,WEB-jurong-spring-sip,public_web_candidate,Sport Singapore (ActiveSG),https://www.activesgcircle.gov.sg/active-health/sport-in-precinct,,Sport-in-Precinct at Jurong Spring,Sport Singapore (ActiveSG),,640556,,,,,"Official Active Health page lists a Sport-in-Precinct location in Jurong Spring; available activities, access terms and hours require human confirmation.",verified_at | verified_by | cost_one_off_sgd | planning_area | age_min | age_max | beginner_friendly | join_alone_ok | guest_allowed,,,,,,,,,,,,,,,,,,,,,,,,,,,,,,,,
25,Jurong West,explicit row text; human must confirm URA boundary,sporty | explorative,date_requires_confirmation | age_requires_confirmation | cost_requires_confirmation,WEB-gek-poh-sip,public_web_candidate,Sport Singapore (ActiveSG),https://www.activesgcircle.gov.sg/active-health/sport-in-precinct,,Sport-in-Precinct at Gek Poh,Sport Singapore (ActiveSG),,640735,,,,,"Official Active Health page lists a Sport-in-Precinct location in Gek Poh; available activities, access terms and hours require human confirmation.",verified_at | verified_by | cost_one_off_sgd | planning_area | age_min | age_max | beginner_friendly | join_alone_ok | guest_allowed,,,,,,,,,,,,,,,,,,,,,,,,,,,,,,,,
26,Punggol,explicit row text; human must confirm URA boundary,artistic | explorative,,NLB-5971096,merged_nlb_draft,National Library Board,https://nlb.libcal.com/event/5971096,,Sewing Starter Session @ Punggol Library | MakeIT,National Library Board,Punggol Library - MakeIT (Level 4),,2026-09-12T15:00,,0 | 0,13 | 17,"campus: Punggol Library · categories: Areas of Interest > Technology, Event Type > Workshop, Language > English · cost not stated — confirm and enter 0 only if free · DRAFT from libcal API — open the link and verify before using",verified_at | verified_by | cost_one_off_sgd | planning_area | beginner_friendly | join_alone_ok | guest_allowed,,,,,,,,,,,,,,,,,,,,,,,,,,,,,,,,
27,Punggol,explicit row text; human must confirm URA boundary,chill,,NLB-5972408,merged_nlb_draft,National Library Board,https://nlb.libcal.com/event/5972408,,Board Games B.F.F.,National Library Board,Punggol Library - Programme Room (Level 5),,2026-09-28T14:00,,0 | 0,13 | 17,"campus: Punggol Library · categories: Areas of Interest > Accessible, Event Type > Others, Language > English · cost not stated — confirm and enter 0 only if free · DRAFT from libcal API — open the link and verify before using",verified_at | verified_by | cost_one_off_sgd | planning_area | beginner_friendly | join_alone_ok | guest_allowed,,,,,,,,,,,,,,,,,,,,,,,,,,,,,,,,
28,Punggol,explicit row text; human must confirm URA boundary,explorative,,NLB-5972410,merged_nlb_draft,National Library Board,https://nlb.libcal.com/event/5972410,,SDO Digital Literacy,National Library Board,Punggol Library - Programme Room (Level 5),,2026-09-15T10:00,,0 | 0,13 | 17,"campus: Punggol Library · categories: Areas of Interest > Accessible, Event Type > Workshop, Language > English · cost not stated — confirm and enter 0 only if free · DRAFT from libcal API — open the link and verify before using",verified_at | verified_by | cost_one_off_sgd | planning_area | beginner_friendly | join_alone_ok | guest_allowed,,,,,,,,,,,,,,,,,,,,,,,,,,,,,,,,
29,Punggol,explicit row text; human must confirm URA boundary,chill,,NLB-5972258,merged_nlb_draft,National Library Board,https://nlb.libcal.com/event/5972258,,"[LOLA 2026] Read Together, Grow Together",National Library Board,Punggol Library - Teenspace (Level 3),,2026-09-19T13:00,,0 | 0,13 | 17,"campus: Punggol Library · categories: Areas of Interest > Reading, Event Type > Talk, Language > English · cost not stated — confirm and enter 0 only if free · DRAFT from libcal API — open the link and verify before using",verified_at | verified_by | cost_one_off_sgd | planning_area | beginner_friendly | join_alone_ok | guest_allowed,,,,,,,,,,,,,,,,,,,,,,,,,,,,,,,,
30,Punggol,explicit row text; human must confirm URA boundary,artistic,,NLB-5971444,merged_nlb_draft,National Library Board,https://nlb.libcal.com/event/5971444,,Access Bazaar,National Library Board,Punggol Library - Atrium (Level 1),,2026-09-06T10:00,,0 | 0,13 | 17,"campus: Punggol Library · categories: Areas of Interest > Accessible, Areas of Interest > Art & Creativity, Event Type > Others, Language > English · cost not stated — confirm and enter 0 only if free · DRAFT from libcal API — open the link and verify before using",verified_at | verified_by | cost_one_off_sgd | planning_area | beginner_friendly | join_alone_ok | guest_allowed,,,,,,,,,,,,,,,,,,,,,,,,,,,,,,,,
31,Punggol,explicit row text; human must confirm URA boundary,explorative,,NLB-5971694,merged_nlb_draft,National Library Board,https://nlb.libcal.com/event/5971694,,Shape Videos That Stick @ Punggol Library | MakeIT,National Library Board,Punggol Library - MakeIT (Level 4),,2026-09-25T17:30,,0 | 0,13 | 17,"campus: Punggol Library · categories: Areas of Interest > Technology, Event Type > Workshop, Language > English · cost not stated — confirm and enter 0 only if free · DRAFT from libcal API — open the link and verify before using",verified_at | verified_by | cost_one_off_sgd | planning_area | beginner_friendly | join_alone_ok | guest_allowed,,,,,,,,,,,,,,,,,,,,,,,,,,,,,,,,
32,Punggol,explicit row text; human must confirm URA boundary,sporty,date_requires_confirmation | age_requires_confirmation,FTP-waterway-primary-school-field,merged_activesg_draft,Sport Singapore (ActiveSG),https://www.activesgcircle.gov.sg/facilities/waterway-primary-school-field,,Waterway Primary School Field,Sport Singapore (ActiveSG),Waterway Primary School Field,828802,,Sat: 3pm - 7pm; Sun: 9am - 7pm,0 | 0 | 0,,zone: Northeast · 70 Punggol Drive Singapore 828802 · age not stated on page — decide and fill · DRAFT from activesgcircle free-to-play — verify before using,verified_at | verified_by | planning_area | age_min | age_max | beginner_friendly | join_alone_ok | guest_allowed,,,,,,,,,,,,,,,,,,,,,,,,,,,,,,,,
33,Punggol,reviewed facility mapping; human must confirm,sporty,date_requires_confirmation | age_requires_confirmation,FTP-punggol-cove-primary-school-field,merged_activesg_draft,Sport Singapore (ActiveSG),https://www.activesgcircle.gov.sg/facilities/punggol-cove-primary-school-field,,Punggol Cove Primary School Field,Sport Singapore (ActiveSG),Punggol Cove Primary School Field,828674,,Sat: 3pm - 7pm; Sun: 9am - 7pm,0 | 0 | 0,,zone: Northeast · 52 Sumang Walk Singapore 828674 · age not stated on page — decide and fill · DRAFT from activesgcircle free-to-play — verify before using,verified_at | verified_by | planning_area | age_min | age_max | beginner_friendly | join_alone_ok | guest_allowed,,,,,,,,,,,,,,,,,,,,,,,,,,,,,,,,
34,Punggol,reviewed facility mapping; human must confirm,sporty,date_requires_confirmation | age_requires_confirmation,FTP-northshore-primary-school-field,merged_activesg_draft,Sport Singapore (ActiveSG),https://www.activesgcircle.gov.sg/facilities/northshore-primary-school-field,,Northshore Primary School Field,Sport Singapore (ActiveSG),Northshore Primary School Field,828671,,Sat: 3pm - 7pm; Sun: 9am - 7pm,0 | 0 | 0,,zone: Northeast · 30 Northshore Drive Singapore 828671 · age not stated on page — decide and fill · DRAFT from activesgcircle free-to-play — verify before using,verified_at | verified_by | planning_area | age_min | age_max | beginner_friendly | join_alone_ok | guest_allowed,,,,,,,,,,,,,,,,,,,,,,,,,,,,,,,,
35,Punggol,reviewed facility mapping; human must confirm,sporty,date_requires_confirmation | age_requires_confirmation,FTP-horizon-primary-school-field,merged_activesg_draft,Sport Singapore (ActiveSG),https://www.activesgcircle.gov.sg/facilities/horizon-primary-school-field,,Horizon Primary School Field,Sport Singapore (ActiveSG),Horizon Primary School Field,828819,,Sat: 3pm - 7pm; Sun: 9am - 7pm,0 | 0 | 0,,zone: Northeast · 61 Edgedale Plains Singapore 828819 · age not stated on page — decide and fill · DRAFT from activesgcircle free-to-play — verify before using,verified_at | verified_by | planning_area | age_min | age_max | beginner_friendly | join_alone_ok | guest_allowed,,,,,,,,,,,,,,,,,,,,,,,,,,,,,,,,
36,Bishan,local source-channel hint only; venue may differ,sporty | explorative,area_is_source_hint_only,SOC-9e5207ac2f21,public_telegram_candidate,Bishan Connects,https://t.me/bishancc/1171,https://t.me/bishancc/1171,🚀 Discover the Leader in YOU! 🚀,Bishan Connects,,,9 September,9AM | 5PM,FREE,youths aged 17–24,"🚀 Discover the Leader in YOU! 🚀 Calling all youths aged 17–24! 🌟 Ready to build confidence, discover your strengths and take charge of your future? Join us for Discovering The Leader In Me®, a FREE 2-day programme powered by The 7 Habits of Highly Effective Teens®. 📅 8 & 9 Septem",verified_at | verified_by | planning_area | beginner_friendly | join_alone_ok | guest_allowed,,,,,,,,,,,,,,,,,,,,,,,,,,,,,,,,
37,Bishan,local source-channel hint only; venue may differ,sporty | explorative,area_is_source_hint_only,SOC-0aba77286349,public_telegram_candidate,Bishan Connects,https://t.me/bishancc/1165,https://t.me/bishancc/1165 | https://go.gov.sg/mlbb-btpmm | https://go.gov.sg/btpmmynpmc,🎉 One day. Endless fun. Great company.,Bishan Connects,,,6 September 2026,10AM | 4PM,$8,all ages,"🎉 One day. Endless fun. Great company. Get ready for Play, Move, Connect, a community event packed with exciting activities for all ages! Whether you're coming with family, friends, or neighbours, there's something for everyone to enjoy. ✨ Expect: 🏀 Sports challenges 🎯 Laser Tag ",verified_at | verified_by | planning_area | beginner_friendly | join_alone_ok | guest_allowed,,,,,,,,,,,,,,,,,,,,,,,,,,,,,,,,
38,Bishan,explicit row text; human must confirm URA boundary,sporty | explorative,age_requires_confirmation | cost_requires_confirmation,SOC-3e25b195fc62,public_telegram_candidate,Bishan Connects,https://t.me/bishancc/1179,https://t.me/bishancc/1179 | http://go.gov.sg/bishanjuniorexpo?fbclid=IwcGRvZgFleHRuA2FlbQIxMABicmlkETE5bWxmSWdyUFJTV2NmNENqc3J0YwZhcHBfaWQQMjIyMDM5MTc4ODIwMDg5MgABHnkhOxIA5kLi8lPaYbW1lY6jUnMM3D62XyhU7UxaX_4IOk4sJyKtyJfXKH1y_aem_odENfQmPSlVPW-gFc7s1kw,Registration closes on 4 September!,Bishan Connects,,,4 September | 10 September,,,,"Registration closes on 4 September! Calling all Young Entrepreneurs! Don’t miss your chance to be part of the Bishan Junior Entrepreneur Expo! Sign up before registration closes. go.gov.sg/bishanjuniorexpo Selected teams will be notified by 10 September! Gather your team, bring y",verified_at | verified_by | cost_one_off_sgd | planning_area | age_min | age_max | beginner_friendly | join_alone_ok | guest_allowed,,,,,,,,,,,,,,,,,,,,,,,,,,,,,,,,
39,Bishan,explicit row text; human must confirm URA boundary,artistic | chill,,NLB-5914786,merged_nlb_draft,National Library Board,https://nlb.libcal.com/event/5914786,,[LOLA 2026] Verse & Vibes Pop-up: A Poetry Buffet,National Library Board,Bishan Library - Foyer (Level 1),,2026-09-11T13:00,,0 | 0,13 | 17,"campus: Bishan Library · categories: Areas of Interest > Reading, Event Type > Tinkering, Language > English · cost not stated — confirm and enter 0 only if free · DRAFT from libcal API — open the link and verify before using",verified_at | verified_by | cost_one_off_sgd | planning_area | beginner_friendly | join_alone_ok | guest_allowed,,,,,,,,,,,,,,,,,,,,,,,,,,,,,,,,
40,Bishan,explicit row text; human must confirm URA boundary,artistic | explorative,,NLB-5912430,merged_nlb_draft,National Library Board,https://nlb.libcal.com/event/5912430,,Happy Planet! Give Your Tote Bag a Second Life,National Library Board,Bishan Library - Programme Zone (Level 2),,2026-12-05T10:30,,0 | 0,13 | 17,"campus: Bishan Library · categories: Areas of Interest > Accessible, Areas of Interest > Art & Creativity, Event Type > Workshop, Language > English · cost not stated — confirm and enter 0 only if free · DRAFT from libcal API — open the link and verify before using",verified_at | verified_by | cost_one_off_sgd | planning_area | beginner_friendly | join_alone_ok | guest_allowed,,,,,,,,,,,,,,,,,,,,,,,,,,,,,,,,
41,Bishan,reviewed facility mapping; human must confirm,sporty,date_requires_confirmation | age_requires_confirmation,FTP-ai-tong-primary-school-field,merged_activesg_draft,Sport Singapore (ActiveSG),https://www.activesgcircle.gov.sg/facilities/ai-tong-primary-school-field,,Ai Tong School Field,Sport Singapore (ActiveSG),Ai Tong School Field,579646,,Sat: 3pm - 7pm; Sun: 9am - 7pm,0 | 0 | 0,,zone: Northeast · 100 Bright Hill Drive Singapore 579646 · age not stated on page — decide and fill · DRAFT from activesgcircle free-to-play — verify before using,verified_at | verified_by | planning_area | age_min | age_max | beginner_friendly | join_alone_ok | guest_allowed,,,,,,,,,,,,,,,,,,,,,,,,,,,,,,,,
42,Bishan,explicit row text; human must confirm URA boundary,sporty | artistic | explorative,date_requires_confirmation,WEB-bishan-nature-walk,public_web_candidate,NParks,https://www.nparks.gov.sg/visit/parks/bishan-ang-mo-kio-park/activities,,Self-guided nature walk at Bishan-Ang Mo Kio Park,NParks,,,,About 2 hours or 1 hour per area,Free of charge,family-oriented,"Official NParks guide describes a free, easy, self-guided 6 km walk through the Pond Gardens and River Plains, with shorter one-area options.",verified_at | verified_by | planning_area | beginner_friendly | join_alone_ok | guest_allowed,,,,,,,,,,,,,,,,,,,,,,,,,,,,,,,,
43,Bishan,explicit row text; human must confirm URA boundary,sporty,date_requires_confirmation,WEB-bishan-sport-centre,public_web_candidate,Sport Singapore (ActiveSG),https://www.activesgcircle.gov.sg/facilities/bishan-sport-centre,https://activesg.gov.sg/passes,ActiveGYM session at Bishan Sport Centre,Sport Singapore (ActiveSG),,579783,,Daily 7am-10pm,Student entry rate requires confirmation,aged 12 and above,Official facility page lists Bishan Sport Centre at 5 Bishan Street 14 as open daily 7 am–10 pm with no current closure announcement; gym eligibility and rates require confirmation.,verified_at | verified_by | planning_area | beginner_friendly | join_alone_ok | guest_allowed,,,,,,,,,,,,,,,,,,,,,,,,,,,,,,,,
44,Bishan,explicit row text; human must confirm URA boundary,sporty,date_requires_confirmation,WEB-bishan-swim,public_web_candidate,Sport Singapore (ActiveSG),https://www.activesgcircle.gov.sg/facilities/swimming-pools,https://activesg.gov.sg/passes,Recreational swim at Bishan Swimming Complex,Sport Singapore (ActiveSG),,579778,,,Current entry rate requires confirmation,all ages,"Official ActiveSG pool directory lists Bishan Swimming Complex at 1 Bishan Street 14; current rates, opening hours and closures require confirmation.",verified_at | verified_by | planning_area | beginner_friendly | join_alone_ok | guest_allowed,,,,,,,,,,,,,,,,,,,,,,,,,,,,,,,,
45,Bishan,explicit row text; human must confirm URA boundary,sporty,date_requires_confirmation | age_requires_confirmation | cost_requires_confirmation,WEB-bishan-table-tennis,public_web_candidate,Sport Singapore (ActiveSG),https://activesg.gov.sg/facility-bookings/activities/lpa7rfS4ShmUUt7XsFJlD/venues,https://activesg.gov.sg/facility-bookings/activities/lpa7rfS4ShmUUt7XsFJlD/venues,Table tennis at Bishan Sport Hall,Sport Singapore (ActiveSG),,579783,,,,,"Official ActiveSG booking page includes Bishan Sport Hall as a selectable table-tennis venue; live slots, price and participation terms require confirmation.",verified_at | verified_by | cost_one_off_sgd | planning_area | age_min | age_max | beginner_friendly | join_alone_ok | guest_allowed,,,,,,,,,,,,,,,,,,,,,,,,,,,,,,,,
